,tweet_id,author_id,date,text,reply_id,retweet_count,reply_count,like_count,quote_count,police_force,tweet_type,base_text,token_tweet
28187,1196738009376407552,21857067,2019-11-19T10:32:30.000Z,"@paulbhampton @RachelRileyRR @paulbhampton Thank you, we are aware of this.",18406168.0,0,1,2,0,GMP,reply,"@paulbhampton @RachelRileyRR @paulbhampton Thank you, we are aware of this.","['@paulbhampton', '@rachelrileyrr', '@paulbhampton', 'thank', 'aware']"
615,1447634309402202114,18134929,2021-10-11T18:44:49.000Z,@BirminghamPride @jpkesseler @bbcmtd https://t.co/YYfN2wudpd,80542580.0,0,0,0,1,West Midlands Police,reply,@BirminghamPride @jpkesseler @bbcmtd ,"['@birminghampride', '@jpkesseler', '@bbcmtd']"
14866,1299386793041825793,18134929,2020-08-28T16:42:07.000Z,"üëÆ Our officers have served a woman linked to several events with a warning, and she‚Äôs agreed to cancel a planned event.

We are urging people to stay safe this Bank Holiday weekend. Read more  ‚û°Ô∏è https://t.co/Ci2KjA14cl https://t.co/QaCJQ9fLEu",18134929.0,7,1,11,1,West Midlands Police,tweet," Our officers have served a woman linked to several events with a warning, and she‚Äôs agreed to cancel a planned event.

We are urging people to stay safe this Bank Holiday weekend. Read more    ","['officers', 'served', 'woman', 'linked', 'several', 'events', 'warning', '‚Äô', 'agreed', 'cancel', 'planned', 'event', 'urging', 'people', 'stay', 'safe', 'bank', 'holiday', 'weekend', 'read']"
37843,1106928262461222912,18134929,2019-03-16T14:40:38.000Z,"@tobizzy2bake Hi, Gavin. You can get some info about how to report abandoned vehicles here: https://t.co/eKqR8q6unr",93951698.0,0,1,0,0,West Midlands Police,reply,"@tobizzy2bake Hi, Gavin. You can get some info about how to report abandoned vehicles here: ","['@tobizzy2bake', 'hi', 'gavin', 'get', 'info', 'report', 'abandoned', 'vehicles']"
7463,1367438241843060736,66967746,2021-03-04T11:34:17.000Z,"#WANTED | Do you know where Darren Altrudo, aged 28 is? He is wanted by police in connection with assault/burglary/driving offences. Altrudo has links to #NottingHill and #WestDraydon. Please call 101 or Tweet @MetCC with info quoting 7376/25FEB. 
https://t.co/lb4bvIST4T https://t.co/BIvih5IV4q",,94,8,38,4,MET,tweet,"#WANTED | Do you know where Darren Altrudo, aged 28 is? He is wanted by police in connection with assault/burglary/driving offences. Altrudo has links to #NottingHill and #WestDraydon. Please call 101 or Tweet @MetCC with info quoting 7376/25FEB. 
 ","['#wanted', 'know', 'darren', 'altrudo', 'aged', '28', 'wanted', 'police', 'connection', 'assault', 'burglary', 'driving', 'offences', 'altrudo', 'links', '#nottinghill', '#westdraydon', 'please', 'call', '101', 'tweet', '@metcc', 'info', 'quoting', '7376/25', 'feb']"
39388,1096439077392527360,66967746,2019-02-15T16:00:21.000Z,A man has been jailed for 10 years following his conviction for historic child abuse offences. https://t.co/KXHgC0LNFs,,32,7,49,2,MET,tweet,A man has been jailed for 10 years following his conviction for historic child abuse offences. ,"['man', 'jailed', '10', 'years', 'following', 'conviction', 'historic', 'child', 'abuse', 'offences']"
29902,1180792352924950528,20038272,2019-10-06T10:30:09.000Z,"We're launching a new route to become a Police Officer. Training will now involve a three year apprenticeship and studying for a degree at Leeds Trinity University. Click here for more information: 
https://t.co/jKEopucsb1 https://t.co/MWJQJwLxFK",,3,0,6,1,West Yorkshire Police,tweet,"We're launching a new route to become a Police Officer. Training will now involve a three year apprenticeship and studying for a degree at Leeds Trinity University. Click here for more information: 
 ","[""we're"", 'launching', 'new', 'route', 'become', 'police', 'officer', 'training', 'involve', 'three', 'year', 'apprenticeship', 'studying', 'degree', 'leeds', 'trinity', 'university', 'click', 'information']"
186,1452989518668255245,18134929,2021-10-26T13:24:31.000Z,"#WANTED| Do you know the whereabouts of Michael Smith?

The 24-year-old, from #Birmingham, is a registered sex offender and hasn‚Äôt let us know about his change of address, which means he is in breach of his conditions. https://t.co/3Vip1Dce9P",,146,17,53,8,West Midlands Police,tweet,"#WANTED| Do you know the whereabouts of Michael Smith?

The 24-year-old, from #Birmingham, is a registered sex offender and hasn‚Äôt let us know about his change of address, which means he is in breach of his conditions. ","['#wanted', 'know', 'whereabouts', 'michael', 'smith', '24', 'year-old', '#birmingham', 'registered', 'sex', 'offender', '‚Äô', 'let', 'us', 'know', 'change', 'address', 'means', 'breach', 'conditions']"
7832,1363788492816449538,21857067,2021-02-22T09:51:29.000Z,"@JordanWebbx Hello, all the contact information for our central ticket office is available here:¬†https://t.co/YZlS7vXqOy Thank you.",112805889.0,0,2,0,0,GMP,reply,"@JordanWebbx Hello, all the contact information for our central ticket office is available here:¬† Thank you.","['@jordanwebbx', 'hello', 'contact', 'information', 'central', 'ticket', 'office', 'available', 'thank']"
12712,1317822135801434115,23418457,2020-10-18T13:37:35.000Z,@MSHelpline @example We work tirelessly to raise awareness of the signs of #ModernSlavery by providing our staff with training and working collaboratively with our partners to safeguard victims &amp; bring offenders to justice. #WhatWeAreDoing #antislaveryday2020 #WhatAreYouDoing,7.754229106809324e+17,1,0,2,0,Avon and Somerset Police,reply,@MSHelpline @example We work tirelessly to raise awareness of the signs of #ModernSlavery by providing our staff with training and working collaboratively with our partners to safeguard victims &amp; bring offenders to justice. #WhatWeAreDoing #antislaveryday2020 #WhatAreYouDoing,"['@mshelpline', '@example', 'work', 'tirelessly', 'raise', 'awareness', 'signs', '#modernslavery', 'providing', 'staff', 'training', 'working', 'collaboratively', 'partners', 'safeguard', 'victims', 'bring', 'offenders', 'justice', '#whatwearedoing', '#antislaveryday2020', '#whatareyoudoing']"
39556,1095633736752869377,21857067,2019-02-13T10:40:13.000Z,"Monika Olah, 38, who was missing from #Bolton, has been found safe and well.

Thank you for sharing the appeal. https://t.co/DzKdNA10wg",,3,0,14,0,GMP,tweet,"Monika Olah, 38, who was missing from #Bolton, has been found safe and well.

Thank you for sharing the appeal. ","['monika', 'olah', '38', 'missing', '#bolton', 'found', 'safe', 'well', 'thank', 'sharing', 'appeal']"
11561,1327271734651871232,66967746,2020-11-13T15:26:55.000Z,"#WANTED | Nicholas Camilleri  is known to have links to south London. If you see him please contact police immediately on 999.
https://t.co/V5QaGjxuxV",,60,6,20,0,MET,tweet,"#WANTED | Nicholas Camilleri  is known to have links to south London. If you see him please contact police immediately on 999.
","['#wanted', 'nicholas', 'camilleri', 'known', 'links', 'south', 'london', 'see', 'please', 'contact', 'police', 'immediately', '999']"
23281,1241809401880743938,21857067,2020-03-22T19:30:07.000Z,"A woman has been arrested following the murder of a little girl in #Bolton

https://t.co/BVlMJKO2LH",,41,34,86,52,GMP,tweet,"A woman has been arrested following the murder of a little girl in #Bolton

","['woman', 'arrested', 'following', 'murder', 'little', 'girl', '#bolton']"
40895,1085469777953464320,23418457,2019-01-16T09:32:16.000Z,"@Glouc123 Hi Andree, we can't take reports via Twitter but you can report this online and it will be looked into: https://t.co/eWPqTq2LUT",1226023196.0,1,2,1,0,Avon and Somerset Police,reply,"@Glouc123 Hi Andree, we can't take reports via Twitter but you can report this online and it will be looked into: ","['@glouc123', 'hi', 'andree', ""can't"", 'take', 'reports', 'via', 'twitter', 'report', 'online', 'looked']"
21766,1250066030589882369,21857067,2020-04-14T14:19:01.000Z,"Congratulations to our very own PC Damieon Hartley-Pickles for completing a half marathon in his garden (418 laps!) in just under 2hrs15mins on Sunday - raising over ¬£1,100 for NHS Charities Together &amp; Mahdlo Youth Zone

You can still sponsor him here - https://t.co/910Olpq8Jx https://t.co/ftOUNlHECq",,14,10,184,1,GMP,tweet,"Congratulations to our very own PC Damieon Hartley-Pickles for completing a half marathon in his garden (418 laps!) in just under 2hrs15mins on Sunday - raising over ¬£1,100 for NHS Charities Together &amp; Mahdlo Youth Zone

You can still sponsor him here -  ","['congratulations', 'pc', 'damieon', 'hartley-pickles', 'completing', 'half', 'marathon', 'garden', '418', 'laps', '2hrs15mins', 'sunday', 'raising', '¬£', '1,100', 'nhs', 'charities', 'together', 'mahdlo', 'youth', 'zone', 'still', 'sponsor']"
23312,1241301158804717568,21857067,2020-03-21T09:50:33.000Z,"First-hand accounts from victims can help to understand how young people can fall victim ‚Äì know the signs, and ‚ÄòBe the Difference.‚Äô #ItsNotOkay https://t.co/SPYbBWjau4 https://t.co/uGhtbhLF9w",,4,1,6,0,GMP,tweet,"First-hand accounts from victims can help to understand how young people can fall victim ‚Äì know the signs, and ‚ÄòBe the Difference.‚Äô #ItsNotOkay  ","['first-hand', 'accounts', 'victims', 'help', 'understand', 'young', 'people', 'fall', 'victim', '‚Äì', 'know', 'signs', '‚Äò', 'difference', '‚Äô', '#itsnotokay']"
27846,1199750256797372421,20038272,2019-11-27T18:02:06.000Z,Childbirth complications. Infection. Anxiety. Female Genital Mutilation has lifelong consequences for us all. Visit https://t.co/5TejAxfE2W to find out more #EndFGM https://t.co/ZgbSoQp4zE,,1,0,1,0,West Yorkshire Police,tweet,Childbirth complications. Infection. Anxiety. Female Genital Mutilation has lifelong consequences for us all. Visit  to find out more #EndFGM ,"['childbirth', 'complications', 'infection', 'anxiety', 'female', 'genital', 'mutilation', 'lifelong', 'consequences', 'us', 'visit', 'find', '#endfgm']"
13175,1313132042020950019,21857067,2020-10-05T15:00:50.000Z,"#ValuableNotVulnerable | @ChampionsGm have shared the story of Pauline, 71 years old, who is involved in a number of groups &amp; organisations that help people across the city-region. Despite lockdown she has maintained her role as Culture Champion &amp; an advocate of numerous groups. https://t.co/c7YsXJCvTu",,0,0,15,0,GMP,tweet,"#ValuableNotVulnerable | @ChampionsGm have shared the story of Pauline, 71 years old, who is involved in a number of groups &amp; organisations that help people across the city-region. Despite lockdown she has maintained her role as Culture Champion &amp; an advocate of numerous groups. ","['#valuablenotvulnerable', '@championsgm', 'shared', 'story', 'pauline', '71', 'years', 'old', 'involved', 'number', 'groups', 'organisations', 'help', 'people', 'across', 'city-region', 'despite', 'lockdown', 'maintained', 'role', 'culture', 'champion', 'advocate', 'numerous', 'groups']"
10284,1338910965597876229,20038272,2020-12-15T18:17:04.000Z,"#CaughtOnCamera West Yorkshire Police need your help identifying this person in Wakefield, Wakefield North East and Rural in relation to the crime of : Assault #police https://t.co/9UjHIyrg5g",,7,0,0,1,West Yorkshire Police,tweet,"#CaughtOnCamera West Yorkshire Police need your help identifying this person in Wakefield, Wakefield North East and Rural in relation to the crime of : Assault #police ","['#caughtoncamera', 'west', 'yorkshire', 'police', 'need', 'help', 'identifying', 'person', 'wakefield', 'wakefield', 'north', 'east', 'rural', 'relation', 'crime', 'assault', '#police']"
23738,1237035473668902914,23418457,2020-03-09T15:20:14.000Z,"D/Supt Julie Mackay has appealed for information in connection with an investigation into a suspicious death in Avonmouth.

A man's body was found in water off an access lane near Boundary Rd at 5.30pm y/day.

Appeal &amp; details of how to contact us here: https://t.co/XqscQYfwCB https://t.co/gRyD4a2AYg",,32,1,8,0,Avon and Somerset Police,tweet,"D/Supt Julie Mackay has appealed for information in connection with an investigation into a suspicious death in Avonmouth.

A man's body was found in water off an access lane near Boundary Rd at 5.30pm y/day.

Appeal &amp; details of how to contact us here:  ","['supt', 'julie', 'mackay', 'appealed', 'information', 'connection', 'investigation', 'suspicious', 'death', 'avonmouth', ""man's"", 'body', 'found', 'water', 'access', 'lane', 'near', 'boundary', 'rd', '5.30', 'pm', 'day', 'appeal', 'details', 'contact', 'us']"
36112,1122484376489664513,20038272,2019-04-28T12:55:04.000Z,"On 16th June 2014, new legislation was introduced, which means that forced marriage is a crime. Find out more at: https://t.co/2sZfMr64wU https://t.co/23fpQzYyG4",,3,0,3,0,West Yorkshire Police,tweet,"On 16th June 2014, new legislation was introduced, which means that forced marriage is a crime. Find out more at:  ","['16th', 'june', '2014', 'new', 'legislation', 'introduced', 'means', 'forced', 'marriage', 'crime', 'find']"
38985,1099743276955922432,21857067,2019-02-24T18:50:04.000Z,Officers are responding to a fatal collision in #Reddish. Road closures are in place surrounding Gorton Road https://t.co/qkvvgo57DC https://t.co/MYnkfKKSdv,,9,0,10,0,GMP,tweet,Officers are responding to a fatal collision in #Reddish. Road closures are in place surrounding Gorton Road  ,"['officers', 'responding', 'fatal', 'collision', '#reddish', 'road', 'closures', 'place', 'surrounding', 'gorton', 'road']"
16728,1285156507991134209,21857067,2020-07-20T10:16:03.000Z,"@Scott_0306 Hello, information on this can be found online here:¬†https://t.co/uXL2TZaj5s¬†Thank you.",1.0896234724966973e+18,0,1,0,0,GMP,reply,"@Scott_0306 Hello, information on this can be found online here:¬†¬†Thank you.","['@scott_0306', 'hello', 'information', 'found', 'online', 'thank']"
20616,1257225853353820160,21857067,2020-05-04T08:29:36.000Z,"@_chefchunder Hello, apologies for the delayed reply.¬†We're seeking to resolve situations where people appear to be or are contravening the government advice on social distancing &amp; the stay at home measures without resorting to enforcement. Where this is not possible, please report to us (1/2)",83142122.0,0,1,0,0,GMP,reply,"@_chefchunder Hello, apologies for the delayed reply.¬†We're seeking to resolve situations where people appear to be or are contravening the government advice on social distancing &amp; the stay at home measures without resorting to enforcement. Where this is not possible, please report to us (1/2)","['@_chefchunder', 'hello', 'apologies', 'delayed', 'reply', ""we're"", 'seeking', 'resolve', 'situations', 'people', 'appear', 'contravening', 'government', 'advice', 'social', 'distancing', 'stay', 'home', 'measures', 'without', 'resorting', 'enforcement', 'possible', 'please', 'report', 'us', '1/2']"
7397,1368173302225764356,20038272,2021-03-06T12:15:09.000Z,Domestic abuse doesn't always involve physical violence. Controlling behaviour is still abuse. We're here to help https://t.co/xy432Hl6ns https://t.co/Ew42EjGVo4,,9,1,6,1,West Yorkshire Police,tweet,Domestic abuse doesn't always involve physical violence. Controlling behaviour is still abuse. We're here to help  ,"['domestic', 'abuse', 'always', 'involve', 'physical', 'violence', 'controlling', 'behaviour', 'still', 'abuse', ""we're"", 'help']"
2432,1423293084771573765,23418457,2021-08-05T14:41:29.000Z,"Ghulam Mustapha of Bristol was jailed today for 13 years after a jury convicted him of rape following a trial. 
The victim said the crimes committed against her had ""destroyed"" her life.
Read on here: https://t.co/cIQ50tCWil https://t.co/gDsnhcYHIg",,7,0,16,1,Avon and Somerset Police,tweet,"Ghulam Mustapha of Bristol was jailed today for 13 years after a jury convicted him of rape following a trial. 
The victim said the crimes committed against her had ""destroyed"" her life.
Read on here:  ","['ghulam', 'mustapha', 'bristol', 'jailed', 'today', '13', 'years', 'jury', 'convicted', 'rape', 'following', 'trial', 'victim', 'said', 'crimes', 'committed', 'destroyed', 'life', 'read']"
23455,1239952005608734722,23418457,2020-03-17T16:29:29.000Z,"Please look out for missing Romeo. He has links with the #Bristol area.

https://t.co/mrZtFg2ROd",,43,0,5,0,Avon and Somerset Police,tweet,"Please look out for missing Romeo. He has links with the #Bristol area.

","['please', 'look', 'missing', 'romeo', 'links', '#bristol', 'area']"
9188,1350492721648173056,23418457,2021-01-16T17:18:50.000Z,"We're appealing for information as part of our efforts to locate wanted man Ashley Rowe, aged 31, from Yeovil.

He's failed to appear in court for drug and driving offences. 

Our full appeal is here: https://t.co/wa77GeYCll https://t.co/p9bCWGCfUb",,47,2,16,1,Avon and Somerset Police,tweet,"We're appealing for information as part of our efforts to locate wanted man Ashley Rowe, aged 31, from Yeovil.

He's failed to appear in court for drug and driving offences. 

Our full appeal is here:  ","[""we're"", 'appealing', 'information', 'part', 'efforts', 'locate', 'wanted', 'man', 'ashley', 'rowe', 'aged', '31', 'yeovil', ""he's"", 'failed', 'appear', 'court', 'drug', 'driving', 'offences', 'full', 'appeal']"
2939,1417770805883293697,20038272,2021-07-21T08:57:55.000Z,"It's another warm day today, and we're predicted more nice weather later in the week. 

Please don't enter open water. It‚Äôs incredibly dangerous to swim in lakes, reservoirs, rivers and canals. 

#BeWaterAware #ColdWaterKills https://t.co/RnjXR5HrEo",,32,0,37,2,West Yorkshire Police,tweet,"It's another warm day today, and we're predicted more nice weather later in the week. 

Please don't enter open water. It‚Äôs incredibly dangerous to swim in lakes, reservoirs, rivers and canals. 

#BeWaterAware #ColdWaterKills ","['another', 'warm', 'day', 'today', ""we're"", 'predicted', 'nice', 'weather', 'later', 'week', 'please', 'enter', 'open', 'water', '‚Äô', 'incredibly', 'dangerous', 'swim', 'lakes', 'reservoirs', 'rivers', 'canals', '#bewateraware', '#coldwaterkills']"
12236,1322180291134443521,20038272,2020-10-30T14:15:20.000Z,Modern slavery could be happening on your doorstep. Let's learn to spot the signs. #SlaveryOnYourDoorstep. Find out more at: https://t.co/nZ59XguvUy https://t.co/dnasZPguZ2,,6,0,6,0,West Yorkshire Police,tweet,Modern slavery could be happening on your doorstep. Let's learn to spot the signs. #SlaveryOnYourDoorstep. Find out more at:  ,"['modern', 'slavery', 'could', 'happening', 'doorstep', ""let's"", 'learn', 'spot', 'signs', '#slaveryonyourdoorstep', 'find']"
17813,1276522866347999233,23418457,2020-06-26T14:29:02.000Z,"If you see raves being advertised on social media, a sound system being set up in your street, or a small gathering of people gradually getting larger, we urge you to report these to us by calling 101 immediately.",23418457.0,1,4,12,1,Avon and Somerset Police,tweet,"If you see raves being advertised on social media, a sound system being set up in your street, or a small gathering of people gradually getting larger, we urge you to report these to us by calling 101 immediately.","['see', 'raves', 'advertised', 'social', 'media', 'sound', 'system', 'set', 'street', 'small', 'gathering', 'people', 'gradually', 'getting', 'larger', 'urge', 'report', 'us', 'calling', '101', 'immediately']"
15561,1293925973063237634,21857067,2020-08-13T15:02:46.000Z,"#APPEAL | Did you witness a robbery in #Manchester? At around 11.50am on Monday 10 August 2020, police were called to Dudley Road, Whalley Range in Manchester to reports of a robbery. Find out more here - https://t.co/64sT0rm0LO https://t.co/yBL5TUl7LP",,2,1,6,1,GMP,tweet,"#APPEAL | Did you witness a robbery in #Manchester? At around 11.50am on Monday 10 August 2020, police were called to Dudley Road, Whalley Range in Manchester to reports of a robbery. Find out more here -  ","['#appeal', 'witness', 'robbery', '#manchester', 'around', '11.50', 'monday', '10', 'august', '2020', 'police', 'called', 'dudley', 'road', 'whalley', 'range', 'manchester', 'reports', 'robbery', 'find']"
3468,1412089071984418823,18134929,2021-07-05T16:40:44.000Z,"@helenbillcooper Hi Helen, thanks for raising this with us. Please see our advice on fraud and information on where to report this here ‚û°Ô∏è https://t.co/omEE3tnX2t",7.313469127842898e+17,0,0,0,0,West Midlands Police,reply,"@helenbillcooper Hi Helen, thanks for raising this with us. Please see our advice on fraud and information on where to report this here  ","['@helenbillcooper', 'hi', 'helen', 'thanks', 'raising', 'us', 'please', 'see', 'advice', 'fraud', 'information', 'report']"
4629,1398580045938036736,20038272,2021-05-29T10:00:41.000Z,"With the school holidays approaching, if you are worried about forced marriage, we have specially trained officers who are here to help. 

Find out more at: https://t.co/Msc2DG7M2h https://t.co/feyqzJDkgX",,6,1,8,0,West Yorkshire Police,tweet,"With the school holidays approaching, if you are worried about forced marriage, we have specially trained officers who are here to help. 

Find out more at:  ","['school', 'holidays', 'approaching', 'worried', 'forced', 'marriage', 'specially', 'trained', 'officers', 'help', 'find']"
22604,1245589521816678406,66967746,2020-04-02T05:50:58.000Z,#ARREST | Detectives investigating the murder of 41-yr-old Kelly Stewart in #Plaistow #Newham have made an arrest. The 21-yr-old man remains in custody; enquiries continue. https://t.co/3DYj8CJf4b,,17,0,55,2,MET,tweet,#ARREST | Detectives investigating the murder of 41-yr-old Kelly Stewart in #Plaistow #Newham have made an arrest. The 21-yr-old man remains in custody; enquiries continue. ,"['#arrest', 'detectives', 'investigating', 'murder', '41', 'yr-old', 'kelly', 'stewart', '#plaistow', '#newham', 'made', 'arrest', '21', 'yr-old', 'man', 'remains', 'custody', 'enquiries', 'continue']"
17381,1280430770180575234,21857067,2020-07-07T09:17:39.000Z,@RampantRowe @metpoliceuk @RampantRowe¬†thank you for contacting us. Social Media is not monitored 24/7. We do not accept reports via social media. You can report crime and incidents on our website here: https://t.co/jtJMAeOeRt or through our livechat service. You can also report through 101. Thank you.,1.212130336747819e+18,0,0,0,0,GMP,reply,@RampantRowe @metpoliceuk @RampantRowe¬†thank you for contacting us. Social Media is not monitored 24/7. We do not accept reports via social media. You can report crime and incidents on our website here:  or through our livechat service. You can also report through 101. Thank you.,"['@rampantrowe', '@metpoliceuk', '@rampantrowe', 'thank', 'contacting', 'us', 'social', 'media', 'monitored', '24/7', 'accept', 'reports', 'via', 'social', 'media', 'report', 'crime', 'incidents', 'website', 'livechat', 'service', 'also', 'report', '101', 'thank']"
10321,1338775406158241792,18134929,2020-12-15T09:18:24.000Z,"#GOODNEWS| We have found #missing Ellie Wills, thank you for your help. https://t.co/YmeHpo5IUD",,3,2,43,1,West Midlands Police,tweet,"#GOODNEWS| We have found #missing Ellie Wills, thank you for your help. ","['#goodnews', 'found', '#missing', 'ellie', 'wills', 'thank', 'help']"
8836,1354420289161949184,18134929,2021-01-27T13:25:35.000Z,"DS Chris Jones, from our force CID, said: ‚ÄúFellow‚Äôs actions were completely reckless and it‚Äôs lucky that PC Lovering did not sustain serious injuries... Fellows‚Äô behaviour was dangerous and completely unacceptable.""

Read the full story ‚¨áÔ∏è https://t.co/5ceLFvbVJ5",18134929.0,6,8,45,0,West Midlands Police,tweet,"DS Chris Jones, from our force CID, said: ‚ÄúFellow‚Äôs actions were completely reckless and it‚Äôs lucky that PC Lovering did not sustain serious injuries... Fellows‚Äô behaviour was dangerous and completely unacceptable.""

Read the full story  ","['ds', 'chris', 'jones', 'force', 'cid', 'said', '‚Äú', 'fellow', '‚Äô', 'actions', 'completely', 'reckless', '‚Äô', 'lucky', 'pc', 'lovering', 'sustain', 'serious', 'injuries', '...', 'fellows', '‚Äô', 'behaviour', 'dangerous', 'completely', 'unacceptable', 'read', 'full', 'story']"
16294,1288494258136264706,20038272,2020-07-29T15:19:04.000Z,#CaughtOnCamera West Yorkshire Police need your help identifying this person in Leeds in relation to the crime of : Theft From Shop #police https://t.co/8iH84LJcc1,,8,0,0,0,West Yorkshire Police,tweet,#CaughtOnCamera West Yorkshire Police need your help identifying this person in Leeds in relation to the crime of : Theft From Shop #police ,"['#caughtoncamera', 'west', 'yorkshire', 'police', 'need', 'help', 'identifying', 'person', 'leeds', 'relation', 'crime', 'theft', 'shop', '#police']"
7004,1372518148549804043,18134929,2021-03-18T12:00:01.000Z,"Here's @MRobinsonWMP with Noah, one of our trainee sniffer dogs.

üê∂ Noah is a guest of honour at Perry Barr custody block where he's learning to experience noise and different environments.

üëçüíô Mark will be with us for #24HoursInCustody, and Noah might make an appearance too! https://t.co/DcVIDCwE8V",,11,2,191,3,West Midlands Police,tweet,"Here's @MRobinsonWMP with Noah, one of our trainee sniffer dogs.

 Noah is a guest of honour at Perry Barr custody block where he's learning to experience noise and different environments.

 Mark will be with us for #24HoursInCustody, and Noah might make an appearance too! ","[""here's"", '@mrobinsonwmp', 'noah', 'one', 'trainee', 'sniffer', 'dogs', 'noah', 'guest', 'honour', 'perry', 'barr', 'custody', 'block', ""he's"", 'learning', 'experience', 'noise', 'different', 'environments', 'mark', 'us', '#24hoursincustody', 'noah', 'might', 'make', 'appearance']"
41203,1082639931456045056,23418457,2019-01-08T14:07:28.000Z,"We're investigating a serious sexual assault in #Bridgwater early on New Year's Day  https://t.co/bGGX6F8nr1  We'd like to trace this man who was in the area at the time. If you know him or have any info which could help, call 101 ref 5219000407 or Crimestoppers on 0800 555 111 https://t.co/vL3ckdAg9C",,35,1,4,0,Avon and Somerset Police,tweet,"We're investigating a serious sexual assault in #Bridgwater early on New Year's Day    We'd like to trace this man who was in the area at the time. If you know him or have any info which could help, call 101 ref 5219000407 or Crimestoppers on 0800 555 111 ","[""we're"", 'investigating', 'serious', 'sexual', 'assault', '#bridgwater', 'early', 'new', ""year's"", 'day', ""we'd"", 'like', 'trace', 'man', 'area', 'time', 'know', 'info', 'could', 'help', 'call', '101', 'ref', '5219000407', 'crimestoppers', '0800', '555', '111']"
2311,1425358824098181122,18134929,2021-08-11T07:30:00.000Z,"Radicalisation is a form of grooming and parents need to know the risks so they can best protect their children and help them become digitally savvy.

For advice and guidance, visit #ACTEarly for more information.

#NetmumsACTEarly",,15,2,23,1,West Midlands Police,tweet,"Radicalisation is a form of grooming and parents need to know the risks so they can best protect their children and help them become digitally savvy.

For advice and guidance, visit #ACTEarly for more information.

#NetmumsACTEarly","['radicalisation', 'form', 'grooming', 'parents', 'need', 'know', 'risks', 'best', 'protect', 'children', 'help', 'become', 'digitally', 'savvy', 'advice', 'guidance', 'visit', '#actearly', 'information', '#netmumsactearly']"
37596,1108782940857815040,20038272,2019-03-21T17:30:27.000Z,Want to get to know your neighbours better? Download your helpful neighbour pack for tips on how to spark a conversation: https://t.co/VZ3FlXhwK8 #OurNeighbours https://t.co/LVUIDxMavk,,0,0,0,0,West Yorkshire Police,tweet,Want to get to know your neighbours better? Download your helpful neighbour pack for tips on how to spark a conversation:  #OurNeighbours ,"['want', 'get', 'know', 'neighbours', 'better', 'download', 'helpful', 'neighbour', 'pack', 'tips', 'spark', 'conversation', '#ourneighbours']"
31663,1163761989803544576,21857067,2019-08-20T10:37:34.000Z,"It's the GMP #Museum #openday today! If you would like to be an officer for the day or would like to dive through policing #history come on down, you will have a great #dayout (last admission 3pm). It's fun and it's #free. üöìüëÆ #Manchester #GMPMuseum https://t.co/W1rYmSANbt",,2,1,18,0,GMP,tweet,"It's the GMP #Museum #openday today! If you would like to be an officer for the day or would like to dive through policing #history come on down, you will have a great #dayout (last admission 3pm). It's fun and it's #free.  #Manchester #GMPMuseum ","['gmp', '#museum', '#openday', 'today', 'would', 'like', 'officer', 'day', 'would', 'like', 'dive', 'policing', '#history', 'come', 'great', '#dayout', 'last', 'admission', '3pm', 'fun', '#free', '#manchester', '#gmpmuseum']"
36114,1122464239283732480,20038272,2019-04-28T11:35:03.000Z,"If you are worried about any kind of domestic abuse, we have specialist officers who can help https://t.co/qYvVxggGs7 https://t.co/Kkubz3hOay",,3,0,2,0,West Yorkshire Police,tweet,"If you are worried about any kind of domestic abuse, we have specialist officers who can help  ","['worried', 'kind', 'domestic', 'abuse', 'specialist', 'officers', 'help']"
20084,1260859814277713921,20038272,2020-05-14T09:09:40.000Z,#CaughtOnCamera West Yorkshire Police need your help identifying this person in Bradford in relation to the crime of : Theft From Shop #police https://t.co/gGDSWJYfgo,,8,0,5,0,West Yorkshire Police,tweet,#CaughtOnCamera West Yorkshire Police need your help identifying this person in Bradford in relation to the crime of : Theft From Shop #police ,"['#caughtoncamera', 'west', 'yorkshire', 'police', 'need', 'help', 'identifying', 'person', 'bradford', 'relation', 'crime', 'theft', 'shop', '#police']"
34031,1143230710695845889,66967746,2019-06-24T18:53:36.000Z,"""‚ÄúWe would advise park users to be vigilant and will be providing additional patrols in the area.‚Äù",66967746.0,14,2,18,0,MET,tweet,"""‚ÄúWe would advise park users to be vigilant and will be providing additional patrols in the area.‚Äù","['‚Äú', 'would', 'advise', 'park', 'users', 'vigilant', 'providing', 'additional', 'patrols', 'area', '‚Äù']"
20494,1257755817396355077,18134929,2020-05-05T19:35:29.000Z,"@ExJobba Yes, we're looking into it.",7.80843625068376e+17,0,2,5,1,West Midlands Police,reply,"@ExJobba Yes, we're looking into it.","['@exjobba', 'yes', ""we're"", 'looking']"
26763,1209054792007340032,18134929,2019-12-23T10:15:00.000Z,"üéÖ Bought your child a new phone for Christmas?

üí∞ We know how hard you must have saved for it, and wouldn‚Äôt want to see it gone.

üéÑ Make sure you‚Äôve set their phone up to be tracked before you put it under the tree. https://t.co/zuMs5nrdB7",,10,2,8,0,West Midlands Police,tweet," Bought your child a new phone for Christmas?

 We know how hard you must have saved for it, and wouldn‚Äôt want to see it gone.

 Make sure you‚Äôve set their phone up to be tracked before you put it under the tree. ","['bought', 'child', 'new', 'phone', 'christmas', 'know', 'hard', 'must', 'saved', '‚Äô', 'want', 'see', 'gone', 'make', 'sure', '‚Äô', 'set', 'phone', 'tracked', 'put', 'tree']"
11034,1332259881718583297,66967746,2020-11-27T09:48:02.000Z,#CHARGE | A woman will appear in court today charged with the murder of 25-yr-old Richard Obi in #Southwark https://t.co/6AasyRw8ls,,7,1,32,0,MET,tweet,#CHARGE | A woman will appear in court today charged with the murder of 25-yr-old Richard Obi in #Southwark ,"['#charge', 'woman', 'appear', 'court', 'today', 'charged', 'murder', '25', 'yr-old', 'richard', 'obi', '#southwark']"
6167,1380470326967042053,20038272,2021-04-09T10:39:08.000Z,Latest News :  Woman Charged with Malicious Communications and Perverting the Course of Justice #police https://t.co/KeUeGOoibQ https://t.co/StKbF91BIr,,1,0,11,0,West Yorkshire Police,tweet,Latest News :  Woman Charged with Malicious Communications and Perverting the Course of Justice #police  ,"['latest', 'news', 'woman', 'charged', 'malicious', 'communications', 'perverting', 'course', 'justice', '#police']"
34845,1135886731792855040,21857067,2019-06-04T12:31:15.000Z,"There will be a number of road closures during the #Eid celebrations. These will impact the side streets directly off Wilmslow Road between Moss Lane East and Dickenson Road Rusholme, and Wilmslow Road itself during peak traffic periods #GMP #RoadClosure",,16,9,10,2,GMP,tweet,"There will be a number of road closures during the #Eid celebrations. These will impact the side streets directly off Wilmslow Road between Moss Lane East and Dickenson Road Rusholme, and Wilmslow Road itself during peak traffic periods #GMP #RoadClosure","['number', 'road', 'closures', '#eid', 'celebrations', 'impact', 'side', 'streets', 'directly', 'wilmslow', 'road', 'moss', 'lane', 'east', 'dickenson', 'road', 'rusholme', 'wilmslow', 'road', 'peak', 'traffic', 'periods', '#gmp', '#roadclosure']"
34527,1138742192753795073,21857067,2019-06-12T09:37:50.000Z,"Greater Manchester Police has welcomed 89 new police officers to the ranks. The new recruits were sworn in at an attestation ceremony at Bolton Town Hall last night, Tuesday 11 June 2019. View the full album on our Flickr https://t.co/mruJwDSxpW",,5,4,62,1,GMP,tweet,"Greater Manchester Police has welcomed 89 new police officers to the ranks. The new recruits were sworn in at an attestation ceremony at Bolton Town Hall last night, Tuesday 11 June 2019. View the full album on our Flickr ","['greater', 'manchester', 'police', 'welcomed', '89', 'new', 'police', 'officers', 'ranks', 'new', 'recruits', 'sworn', 'attestation', 'ceremony', 'bolton', 'town', 'hall', 'last', 'night', 'tuesday', '11', 'june', '2019', 'view', 'full', 'album', 'flickr']"
15871,1291677873301065728,66967746,2020-08-07T10:09:37.000Z,"Jason Gritton, 45, has been jailed for 12 months for affray and claiming to have #Coronavirus and threatening to spit at officers. https://t.co/T0hSHAJOIb https://t.co/oSyTBUgiLA",,66,34,293,14,MET,tweet,"Jason Gritton, 45, has been jailed for 12 months for affray and claiming to have #Coronavirus and threatening to spit at officers.  ","['jason', 'gritton', '45', 'jailed', '12', 'months', 'affray', 'claiming', '#coronavirus', 'threatening', 'spit', 'officers']"
32630,1154736264207360000,20038272,2019-07-26T12:52:34.000Z,#CaughtOnCamera West Yorkshire Police need your help identifying this person in Bradford in relation to the crime of : Public Order #police https://t.co/YScx0ABFZR,,4,1,2,0,West Yorkshire Police,tweet,#CaughtOnCamera West Yorkshire Police need your help identifying this person in Bradford in relation to the crime of : Public Order #police ,"['#caughtoncamera', 'west', 'yorkshire', 'police', 'need', 'help', 'identifying', 'person', 'bradford', 'relation', 'crime', 'public', 'order', '#police']"
25174,1224440943220146177,21857067,2020-02-03T21:14:04.000Z,"@swahali_ If you are unhappy with us or our service, you can follow our complaints procedure here: https://t.co/ABlt4U9bh2",394581655.0,0,0,1,0,GMP,reply,"@swahali_ If you are unhappy with us or our service, you can follow our complaints procedure here: ","['@swahali_', 'unhappy', 'us', 'service', 'follow', 'complaints', 'procedure']"
18890,1268523630016835585,21857067,2020-06-04T12:42:56.000Z,"#Update | An 80-year-old cyclist who was involved in a serious collision with a car in #Trafford has sadly died.

The incident happened at the junction of Charcoal Road and the A56.

Witnesses should call police quoting 1959 of 28/05/2020.

Full appeal: https://t.co/GN7w4mit6Q https://t.co/0ce3vT9lX9",,7,16,8,5,GMP,tweet,"#Update | An 80-year-old cyclist who was involved in a serious collision with a car in #Trafford has sadly died.

The incident happened at the junction of Charcoal Road and the A56.

Witnesses should call police quoting 1959 of 28/05/2020.

Full appeal:  ","['#update', '80', 'year-old', 'cyclist', 'involved', 'serious', 'collision', 'car', '#trafford', 'sadly', 'died', 'incident', 'happened', 'junction', 'charcoal', 'road', 'a56', 'witnesses', 'call', 'police', 'quoting', '1959', '28/05', '2020', 'full', 'appeal']"
25118,1224994254046494723,21857067,2020-02-05T09:52:44.000Z,#UPDATE | Updated statement regarding #GMP Computer System https://t.co/hiy7E3UAWk,,6,11,14,3,GMP,tweet,#UPDATE | Updated statement regarding #GMP Computer System ,"['#update', 'updated', 'statement', 'regarding', '#gmp', 'computer', 'system']"
8265,1359533750246400006,21857067,2021-02-10T16:04:39.000Z,"#JAILED | ""Sadly, no sentence will bring back Leroy and our thoughts are firmly with his family who continue to grieve the loss of a loved one "". Two men have received life imprisonment for the murder of a man in #Rusholme in July 2020. Full story - https://t.co/ra9mgdD7k4 https://t.co/6IGo41HLTK",,3,2,30,2,GMP,tweet,"#JAILED | ""Sadly, no sentence will bring back Leroy and our thoughts are firmly with his family who continue to grieve the loss of a loved one "". Two men have received life imprisonment for the murder of a man in #Rusholme in July 2020. Full story -  ","['#jailed', 'sadly', 'sentence', 'bring', 'back', 'leroy', 'thoughts', 'firmly', 'family', 'continue', 'grieve', 'loss', 'loved', 'one', 'two', 'men', 'received', 'life', 'imprisonment', 'murder', 'man', '#rusholme', 'july', '2020', 'full', 'story']"
5696,1386974612844687367,23418457,2021-04-27T09:24:51.000Z,"@hondacbfrider Hi David, thanks for your tweet. We can‚Äôt take reports via Twitter. You can make a report via our website: https://t.co/R5OFVTWFq5 - thank you",609437078.0,0,0,0,0,Avon and Somerset Police,reply,"@hondacbfrider Hi David, thanks for your tweet. We can‚Äôt take reports via Twitter. You can make a report via our website:  - thank you","['@hondacbfrider', 'hi', 'david', 'thanks', 'tweet', '‚Äô', 'take', 'reports', 'via', 'twitter', 'make', 'report', 'via', 'website', 'thank']"
17850,1276432597300674560,20038272,2020-06-26T08:30:20.000Z,"If you‚Äôre worried that a child could be at risk of neglect or abuse during Covid-19, the NSPCC have advice on spotting the signs of who you can contact. 
https://t.co/2Oo79ZQpyb",,3,0,1,0,West Yorkshire Police,tweet,"If you‚Äôre worried that a child could be at risk of neglect or abuse during Covid-19, the NSPCC have advice on spotting the signs of who you can contact. 
","['‚Äô', 'worried', 'child', 'could', 'risk', 'neglect', 'abuse', 'covid', '19', 'nspcc', 'advice', 'spotting', 'signs', 'contact']"
29354,1186656461478346760,23418457,2019-10-22T14:52:02.000Z,"@hall_suki Hi Suki, sorry for the slow reply. Our social media team wouldn't be able to help with this, but you can speak to your local policing team about anti-social behaviour. Contact details available here: https://t.co/C2vbWPj07f",1.185254959538942e+18,0,1,0,0,Avon and Somerset Police,reply,"@hall_suki Hi Suki, sorry for the slow reply. Our social media team wouldn't be able to help with this, but you can speak to your local policing team about anti-social behaviour. Contact details available here: ","['@hall_suki', 'hi', 'suki', 'sorry', 'slow', 'reply', 'social', 'media', 'team', 'able', 'help', 'speak', 'local', 'policing', 'team', 'anti-social', 'behaviour', 'contact', 'details', 'available']"
13357,1311956970530897920,23418457,2020-10-02T09:11:31.000Z,"We‚Äôre appealing for witnesses and information after a 16-year-old boy was left with serious injuries following an assault on College Green, Bristol at about 7.30pm on Saturday 26 September.

More: https://t.co/cZljt8Ax9h

If you can help, call 101 quoting ref 5220219165. https://t.co/dOq4hg53ef",,16,0,1,1,Avon and Somerset Police,tweet,"We‚Äôre appealing for witnesses and information after a 16-year-old boy was left with serious injuries following an assault on College Green, Bristol at about 7.30pm on Saturday 26 September.

More: 

If you can help, call 101 quoting ref 5220219165. ","['‚Äô', 'appealing', 'witnesses', 'information', '16', 'year-old', 'boy', 'left', 'serious', 'injuries', 'following', 'assault', 'college', 'green', 'bristol', '7.30', 'pm', 'saturday', '26', 'september', 'help', 'call', '101', 'quoting', 'ref', '5220219165']"
29347,1186667095347650561,23418457,2019-10-22T15:34:17.000Z,"@MrHappyCyclist Hi, thanks for getting in touch. We can't take info via social media. You can make non-urgent reports via our website here: https://t.co/R5OFVTWFq5 We hope that helps",388792392.0,0,0,0,0,Avon and Somerset Police,reply,"@MrHappyCyclist Hi, thanks for getting in touch. We can't take info via social media. You can make non-urgent reports via our website here:  We hope that helps","['@mrhappycyclist', 'hi', 'thanks', 'getting', 'touch', ""can't"", 'take', 'info', 'via', 'social', 'media', 'make', 'non-urgent', 'reports', 'via', 'website', 'hope', 'helps']"
24285,1231957130439200770,18134929,2020-02-24T15:00:43.000Z,"@dchristopher93 Hi Dan, You can contact us via Live Chat at https://t.co/c5j877IEzN from 8am - midnight. The chat box should appear as a tab on the right hand side of your screen.",7.816121779710853e+17,0,0,1,0,West Midlands Police,reply,"@dchristopher93 Hi Dan, You can contact us via Live Chat at  from 8am - midnight. The chat box should appear as a tab on the right hand side of your screen.","['@dchristopher93', 'hi', 'dan', 'contact', 'us', 'via', 'live', 'chat', '8am', 'midnight', 'chat', 'box', 'appear', 'tab', 'right', 'hand', 'side', 'screen']"
30649,1174284209407627264,18134929,2019-09-18T11:29:07.000Z,"Several of our appeals featured on today's live Roadshow @BBCCrimewatch 
In case you missed it, you can catch it here for the next 24 hours. 
https://t.co/yfh4yVIHMg https://t.co/ie0cnoFryE",,6,0,2,0,West Midlands Police,tweet,"Several of our appeals featured on today's live Roadshow @BBCCrimewatch 
In case you missed it, you can catch it here for the next 24 hours. 
 ","['several', 'appeals', 'featured', ""today's"", 'live', 'roadshow', '@bbccrimewatch', 'case', 'missed', 'catch', 'next', '24', 'hours']"
35678,1126884636565618689,20038272,2019-05-10T16:20:08.000Z,Missing Nicole Foster from Leeds has now been found safe and well.  Leeds CID want to thank everyone who came forwards with information.,,3,0,17,0,West Yorkshire Police,tweet,Missing Nicole Foster from Leeds has now been found safe and well.  Leeds CID want to thank everyone who came forwards with information.,"['missing', 'nicole', 'foster', 'leeds', 'found', 'safe', 'well', 'leeds', 'cid', 'want', 'thank', 'everyone', 'came', 'forwards', 'information']"
14488,1302719553231872005,18134929,2020-09-06T21:25:19.000Z,"We‚Äôve got a team of detectives working through the night to identify and trace the #BirminghamStabbings suspect.

A Hotline has been set up for anyone with info. Please call 0800 056 0944. 

And if you see anything suspicious call us on 999.",18134929.0,105,19,142,3,West Midlands Police,tweet,"We‚Äôve got a team of detectives working through the night to identify and trace the #BirminghamStabbings suspect.

A Hotline has been set up for anyone with info. Please call 0800 056 0944. 

And if you see anything suspicious call us on 999.","['‚Äô', 'got', 'team', 'detectives', 'working', 'night', 'identify', 'trace', '#birminghamstabbings', 'suspect', 'hotline', 'set', 'anyone', 'info', 'please', 'call', '0800 056 0944', 'see', 'anything', 'suspicious', 'call', 'us', '999']"
17497,1279392274095517697,21857067,2020-07-04T12:31:02.000Z,Social distancing measures remain in place and you are still required to keep a minimum of one-metre distance between you and anyone outside of your household. A distance of 2m should be kept where possible. https://t.co/5GQDnnlsuS,,7,5,12,0,GMP,tweet,Social distancing measures remain in place and you are still required to keep a minimum of one-metre distance between you and anyone outside of your household. A distance of 2m should be kept where possible. ,"['social', 'distancing', 'measures', 'remain', 'place', 'still', 'required', 'keep', 'minimum', 'one-metre', 'distance', 'anyone', 'outside', 'household', 'distance', '2m', 'kept', 'possible']"
29016,1189602608153088001,18134929,2019-10-30T17:58:58.000Z,34 year old Yassir Hussain was stabbed three times in the back outside a takeaway in Dudley last December. https://t.co/Ow68WxQUqL https://t.co/47cu3HsMKP,18134929.0,2,1,0,0,West Midlands Police,tweet,34 year old Yassir Hussain was stabbed three times in the back outside a takeaway in Dudley last December.  ,"['34', 'year', 'old', 'yassir', 'hussain', 'stabbed', 'three', 'times', 'back', 'outside', 'takeaway', 'dudley', 'last', 'december']"
28756,1191674037824569344,20038272,2019-11-05T11:10:05.000Z,"Budding young artists and wordsmiths are being offered the opportunity to see their festive artwork and creative writing to be used for the official West Yorkshire Police Christmas card. üéÑüéÅ

Find out more about our #WYPChristmasComp at: https://t.co/9e5XqveUo9 https://t.co/D6Kj8usUNQ",,1,0,3,2,West Yorkshire Police,tweet,"Budding young artists and wordsmiths are being offered the opportunity to see their festive artwork and creative writing to be used for the official West Yorkshire Police Christmas card. 

Find out more about our #WYPChristmasComp at:  ","['budding', 'young', 'artists', 'wordsmiths', 'offered', 'opportunity', 'see', 'festive', 'artwork', 'creative', 'writing', 'used', 'official', 'west', 'yorkshire', 'police', 'christmas', 'card', 'find', '#wypchristmascomp']"
27539,1202180537290543106,18134929,2019-12-04T10:59:10.000Z,"Did you know that @birminghamcg22 will need more than 10,000 volunteers to help at #B2022?

Are you Game? You can register your interest now ‚¨áÔ∏è 

https://t.co/JmScXKnVvp https://t.co/OJfPqaD4MG",,14,1,13,0,West Midlands Police,tweet,"Did you know that @birminghamcg22 will need more than 10,000 volunteers to help at #B2022?

Are you Game? You can register your interest now  

 ","['know', '@birminghamcg22', 'need', '10,000', 'volunteers', 'help', '#b2022', 'game', 'register', 'interest']"
25566,1221086745145593860,66967746,2020-01-25T15:05:41.000Z,#APPEAL to trace the mother of a newborn baby bay who was left in a #Hackney street earlier today. Officers want to ensure she is safe and well and can access any support she needs. Call 101 and quote CAD3039/25Jan with info. https://t.co/V5ZQAfP4IT,,159,12,72,6,MET,tweet,#APPEAL to trace the mother of a newborn baby bay who was left in a #Hackney street earlier today. Officers want to ensure she is safe and well and can access any support she needs. Call 101 and quote CAD3039/25Jan with info. ,"['#appeal', 'trace', 'mother', 'newborn', 'baby', 'bay', 'left', '#hackney', 'street', 'earlier', 'today', 'officers', 'want', 'ensure', 'safe', 'well', 'access', 'support', 'needs', 'call', '101', 'quote', 'cad', '3039/25', 'jan', 'info']"
22106,1248229345870721026,23418457,2020-04-09T12:40:41.000Z,"@carloscebrian82 @Filtongolfclub1 Hi Carlos, thanks for your message. We can't take info or reports via social media. You can report anti-social behaviour using our online form: https://t.co/JSeajI05th Thanks.",420496192.0,0,0,0,0,Avon and Somerset Police,reply,"@carloscebrian82 @Filtongolfclub1 Hi Carlos, thanks for your message. We can't take info or reports via social media. You can report anti-social behaviour using our online form:  Thanks.","['@carloscebrian82', '@filtongolfclub1', 'hi', 'carlos', 'thanks', 'message', ""can't"", 'take', 'info', 'reports', 'via', 'social', 'media', 'report', 'anti-social', 'behaviour', 'using', 'online', 'form', 'thanks']"
28998,1189823913804673024,23418457,2019-10-31T08:38:21.000Z,"@JordsLiddle Hi Jordan, thanks for getting in touch. You can report a faulty traffic light online here: https://t.co/B69otPTy5y - thank you",226135725.0,0,1,0,0,Avon and Somerset Police,reply,"@JordsLiddle Hi Jordan, thanks for getting in touch. You can report a faulty traffic light online here:  - thank you","['@jordsliddle', 'hi', 'jordan', 'thanks', 'getting', 'touch', 'report', 'faulty', 'traffic', 'light', 'online', 'thank']"
16256,1288868233328631810,23418457,2020-07-30T16:05:07.000Z,"A man who filmed himself as he tortured and raped four women has been jailed today for 24 years.

Andy Anokye, a Grime musician who performed as Solo 45, was convicted in March following a four month trial of a total of 30 offences, including 21 counts of rape. https://t.co/TPKsM246t9",,58,12,111,49,Avon and Somerset Police,tweet,"A man who filmed himself as he tortured and raped four women has been jailed today for 24 years.

Andy Anokye, a Grime musician who performed as Solo 45, was convicted in March following a four month trial of a total of 30 offences, including 21 counts of rape. ","['man', 'filmed', 'tortured', 'raped', 'four', 'women', 'jailed', 'today', '24', 'years', 'andy', 'anokye', 'grime', 'musician', 'performed', 'solo', '45', 'convicted', 'march', 'following', 'four', 'month', 'trial', 'total', '30', 'offences', 'including', '21', 'counts', 'rape']"
20236,1259426726557487105,20038272,2020-05-10T10:15:05.000Z,Children might be spending more time on the internet while in isolation or social distancing. Remember that people aren't always who they say they are online. A five minute chat with #YourChild could help keep them safe https://t.co/M3Hsfv1pR9 https://t.co/DeF7dUBD6L,,4,0,5,0,West Yorkshire Police,tweet,Children might be spending more time on the internet while in isolation or social distancing. Remember that people aren't always who they say they are online. A five minute chat with #YourChild could help keep them safe  ,"['children', 'might', 'spending', 'time', 'internet', 'isolation', 'social', 'distancing', 'remember', 'people', 'always', 'say', 'online', 'five', 'minute', 'chat', '#yourchild', 'could', 'help', 'keep', 'safe']"
17332,1280782509232590848,20038272,2020-07-08T08:35:20.000Z,"#CaughtOnCamera West Yorkshire Police need your help identifying this person in Kirklees, Batley and Spen in relation to the crime of : Theft From Shop #police https://t.co/rG0BzQueHt",,4,0,1,1,West Yorkshire Police,tweet,"#CaughtOnCamera West Yorkshire Police need your help identifying this person in Kirklees, Batley and Spen in relation to the crime of : Theft From Shop #police ","['#caughtoncamera', 'west', 'yorkshire', 'police', 'need', 'help', 'identifying', 'person', 'kirklees', 'batley', 'spen', 'relation', 'crime', 'theft', 'shop', '#police']"
23566,1238742856505929728,23418457,2020-03-14T08:24:46.000Z,"Yesterday we issued a CCTV appeal to help us identify people we wanted to talk to in connection with an ongoing burglary investigation in Claverham, North Somerset, earlier this month. They have since come forward.

Thank you for your help sharing the appeal. https://t.co/cHxcaSz7i6",,3,0,11,0,Avon and Somerset Police,tweet,"Yesterday we issued a CCTV appeal to help us identify people we wanted to talk to in connection with an ongoing burglary investigation in Claverham, North Somerset, earlier this month. They have since come forward.

Thank you for your help sharing the appeal. ","['yesterday', 'issued', 'cctv', 'appeal', 'help', 'us', 'identify', 'people', 'wanted', 'talk', 'connection', 'ongoing', 'burglary', 'investigation', 'claverham', 'north', 'somerset', 'earlier', 'month', 'since', 'come', 'forward', 'thank', 'help', 'sharing', 'appeal']"
28004,1198300491878477824,20038272,2019-11-23T18:01:15.000Z,"Whatever your reasons for #runningaway, there are adults who can help you solve your problems https://t.co/IP7YpjUywX https://t.co/IslqAVEtqO",,8,0,10,2,West Yorkshire Police,tweet,"Whatever your reasons for #runningaway, there are adults who can help you solve your problems  ","['whatever', 'reasons', '#runningaway', 'adults', 'help', 'solve', 'problems']"
9950,1341789111263371265,23418457,2020-12-23T16:53:48.000Z,"Curtis Ford has admitted murder and Samuel Ford has been convicted of manslaughter today after the death of a man in Weston-super-Mare in June.

DCI James Riccio said: ‚ÄúMikhail Hanid was an innocent man who was subjected to a horrific attack.""

More: https://t.co/svI4PcOzJz https://t.co/Nl8O9jV2SW",,4,0,15,0,Avon and Somerset Police,tweet,"Curtis Ford has admitted murder and Samuel Ford has been convicted of manslaughter today after the death of a man in Weston-super-Mare in June.

DCI James Riccio said: ‚ÄúMikhail Hanid was an innocent man who was subjected to a horrific attack.""

More:  ","['curtis', 'ford', 'admitted', 'murder', 'samuel', 'ford', 'convicted', 'manslaughter', 'today', 'death', 'man', 'weston-super-mare', 'june', 'dci', 'james', 'riccio', 'said', '‚Äú', 'mikhail', 'hanid', 'innocent', 'man', 'subjected', 'horrific', 'attack']"
19273,1266291265185869826,23418457,2020-05-29T08:52:18.000Z,"@Smithy1984KL Hi Kim - thanks for getting in touch. We can't take info via twitter, as it's not monitored 24/7. You can make non-urgent reports via our website here: https://t.co/R5OFVUeghD We hope that helps.",518363883.0,0,0,0,0,Avon and Somerset Police,reply,"@Smithy1984KL Hi Kim - thanks for getting in touch. We can't take info via twitter, as it's not monitored 24/7. You can make non-urgent reports via our website here:  We hope that helps.","['@smithy1984kl', 'hi', 'kim', 'thanks', 'getting', 'touch', ""can't"", 'take', 'info', 'via', 'twitter', 'monitored', '24/7', 'make', 'non-urgent', 'reports', 'via', 'website', 'hope', 'helps']"
9290,1349468490202312706,66967746,2021-01-13T21:28:54.000Z,A police constable based on the South Area BCU has been dismissed following the conclusion of a misconduct hearing https://t.co/ZLbaee3iNr,,11,9,39,1,MET,tweet,A police constable based on the South Area BCU has been dismissed following the conclusion of a misconduct hearing ,"['police', 'constable', 'based', 'south', 'area', 'bcu', 'dismissed', 'following', 'conclusion', 'misconduct', 'hearing']"
16018,1290306012075851776,21857067,2020-08-03T15:18:20.000Z,"@aviatorsteve Hello, thank you for your message. Apologies for the delay in replying, we've had a higher volume of messages than normal. We do not accept reports through social media. You can find information on how to do this online here:¬†https://t.co/2lOIAPLHUV Thank you.",88515050.0,0,0,0,0,GMP,reply,"@aviatorsteve Hello, thank you for your message. Apologies for the delay in replying, we've had a higher volume of messages than normal. We do not accept reports through social media. You can find information on how to do this online here:¬† Thank you.","['@aviatorsteve', 'hello', 'thank', 'message', 'apologies', 'delay', 'replying', ""we've"", 'higher', 'volume', 'messages', 'normal', 'accept', 'reports', 'social', 'media', 'find', 'information', 'online', 'thank']"
11083,1331890472500015104,20038272,2020-11-26T09:20:08.000Z,"Appeal for Witnesses, Cyclist in Collision With Car, Shipley #police https://t.co/eno3wTdBmj https://t.co/KqYGimDtol",,0,0,1,0,West Yorkshire Police,tweet,"Appeal for Witnesses, Cyclist in Collision With Car, Shipley #police  ","['appeal', 'witnesses', 'cyclist', 'collision', 'car', 'shipley', '#police']"
40972,1085053987311767552,66967746,2019-01-15T06:00:04.000Z,Detectives investigating the murder of Jaden Moodie are continuing to appeal for information one week on from when he was stabbed to death in Leyton. https://t.co/QSE0JmQ8DE https://t.co/JflPN53NBE,,48,9,32,7,MET,tweet,Detectives investigating the murder of Jaden Moodie are continuing to appeal for information one week on from when he was stabbed to death in Leyton.  ,"['detectives', 'investigating', 'murder', 'jaden', 'moodie', 'continuing', 'appeal', 'information', 'one', 'week', 'stabbed', 'death', 'leyton']"
8334,1359257003437273088,18134929,2021-02-09T21:44:58.000Z,"Hi Soph,

You do not need any formal qualifications.

We'll be sharing some features on some of our team over the coming days. 

Jo for example started her career working in one of our enquiry offices. 

More details of her story will be shared tomorrow #forensics https://t.co/QXV0Fc05mu",,0,1,20,1,West Midlands Police,tweet,"Hi Soph,

You do not need any formal qualifications.

We'll be sharing some features on some of our team over the coming days. 

Jo for example started her career working in one of our enquiry offices. 

More details of her story will be shared tomorrow #forensics ","['hi', 'soph', 'need', 'formal', 'qualifications', ""we'll"", 'sharing', 'features', 'team', 'coming', 'days', 'jo', 'example', 'started', 'career', 'working', 'one', 'enquiry', 'offices', 'details', 'story', 'shared', 'tomorrow', '#forensics']"
5818,1385298378548994048,21857067,2021-04-22T18:24:05.000Z,"If you have any information contact police quoting 2921 of 21/04/2021. Images or video footage can be uploaded to our investigation portal here: https://t.co/vaVKmtIBja. Details can be passed to Crimestoppers anonymously on 0800 555 111.

Full update here: https://t.co/yxzLMAfgX5",21857067.0,3,2,5,0,GMP,tweet,"If you have any information contact police quoting 2921 of 21/04/2021. Images or video footage can be uploaded to our investigation portal here:  Details can be passed to Crimestoppers anonymously on 0800 555 111.

Full update here: ","['information', 'contact', 'police', 'quoting', '2921', '21/04', '2021', 'images', 'video', 'footage', 'uploaded', 'investigation', 'portal', 'details', 'passed', 'crimestoppers', 'anonymously', '0800', '555', '111', 'full', 'update']"
30103,1179089795215187968,66967746,2019-10-01T17:44:48.000Z,"@Millsatwork Hi, please DM us so that we can take further details. https://t.co/4M2OkDuwcj",46672990.0,0,0,0,0,MET,reply,"@Millsatwork Hi, please DM us so that we can take further details. ","['@millsatwork', 'hi', 'please', 'dm', 'us', 'take', 'details']"
13872,1307756703778308098,21857067,2020-09-20T19:01:09.000Z,"#ScamAlert | Greater Manchester Police have seen an increase in reports of phishing emails relating to fraudsters purporting to be offering victims refunds for TV Licensing. Please share to help protect our community. For latest info &amp; scams, please follow us on twitter @gmpfraud",,56,6,35,4,GMP,tweet,"#ScamAlert | Greater Manchester Police have seen an increase in reports of phishing emails relating to fraudsters purporting to be offering victims refunds for TV Licensing. Please share to help protect our community. For latest info &amp; scams, please follow us on twitter @gmpfraud","['#scamalert', 'greater', 'manchester', 'police', 'seen', 'increase', 'reports', 'phishing', 'emails', 'relating', 'fraudsters', 'purporting', 'offering', 'victims', 'refunds', 'tv', 'licensing', 'please', 'share', 'help', 'protect', 'community', 'latest', 'info', 'scams', 'please', 'follow', 'us', 'twitter', '@gmpfraud']"
6384,1377566664670248963,18134929,2021-04-01T10:21:01.000Z,"The Crown Prosecution Service (CPS) has now authorised charges against ten men for wounding with intent to cause grievous bodily harm to the 23-year-old, violent disorder and possession of offensive weapons.

More ‚û°Ô∏è https://t.co/mHnaoynHtv https://t.co/3drolFMGsy",18134929.0,3,1,5,0,West Midlands Police,tweet,"The Crown Prosecution Service (CPS) has now authorised charges against ten men for wounding with intent to cause grievous bodily harm to the 23-year-old, violent disorder and possession of offensive weapons.

More   ","['crown', 'prosecution', 'service', 'cps', 'authorised', 'charges', 'ten', 'men', 'wounding', 'intent', 'cause', 'grievous', 'bodily', 'harm', '23', 'year-old', 'violent', 'disorder', 'possession', 'offensive', 'weapons']"
29790,1182256029058383873,20038272,2019-10-10T11:26:17.000Z,"Coroners Appeal: Kenneth Johnson, Bradford https://t.co/dMsTEQCAka #police #appeal",,2,0,0,1,West Yorkshire Police,tweet,"Coroners Appeal: Kenneth Johnson, Bradford  #police #appeal","['coroners', 'appeal', 'kenneth', 'johnson', 'bradford', '#police', '#appeal']"
28152,1196896863158452224,20038272,2019-11-19T21:03:44.000Z,‚Å¶@WYPJohnRobins‚Å© recognises those that make policing ‚Äúbrilliant across Leeds‚Äù in his closing remarks at Leeds District Awards night #LDawards ‚Å¶@WYP_SteveCotter‚Å© https://t.co/IZ2WUT5Rcz,,4,0,29,0,West Yorkshire Police,tweet,‚Å¶@WYPJohnRobins‚Å© recognises those that make policing ‚Äúbrilliant across Leeds‚Äù in his closing remarks at Leeds District Awards night #LDawards ‚Å¶@WYP_SteveCotter‚Å© ,"['\u2066', '@wypjohnrobins', '\u2069', 'recognises', 'make', 'policing', '‚Äú', 'brilliant', 'across', 'leeds', '‚Äù', 'closing', 'remarks', 'leeds', 'district', 'awards', 'night', '#ldawards', '\u2066', '@wyp_stevecotter', '\u2069']"
24535,1229824518799208448,20038272,2020-02-18T17:46:28.000Z,"Police investigating the disappearance of James Telford have this afternoon found a body of a male at an address in Allerton.
Enquiries are continuing to establish the identity of this male and the circumstances around his death. Mr Telford‚Äôs family have been informed.",,3,6,6,1,West Yorkshire Police,tweet,"Police investigating the disappearance of James Telford have this afternoon found a body of a male at an address in Allerton.
Enquiries are continuing to establish the identity of this male and the circumstances around his death. Mr Telford‚Äôs family have been informed.","['police', 'investigating', 'disappearance', 'james', 'telford', 'afternoon', 'found', 'body', 'male', 'address', 'allerton', 'enquiries', 'continuing', 'establish', 'identity', 'male', 'circumstances', 'around', 'death', 'mr', 'telford', '‚Äô', 'family', 'informed']"
24974,1225707448893345792,23418457,2020-02-07T09:06:43.000Z,"@RosieNo00692790 You are very welcome Rosie. Please don't worry, these things happen. Did you know that we have many staff and officers with autism? You may want to follow @AutisticCop for an insight üëÆ‚Äç‚ôÇÔ∏è",1.1823598961567867e+18,0,1,21,0,Avon and Somerset Police,reply,"@RosieNo00692790 You are very welcome Rosie. Please don't worry, these things happen. Did you know that we have many staff and officers with autism? You may want to follow @AutisticCop for an insight ","['@rosieno00692790', 'welcome', 'rosie', 'please', 'worry', 'things', 'happen', 'know', 'many', 'staff', 'officers', 'autism', 'may', 'want', 'follow', '@autisticcop', 'insight']"
27779,1200399544745373698,20038272,2019-11-29T13:02:08.000Z,If you think anyone in your workplace is possibly a victim of modern slavery then contact the Modern Slavery Helpline on 08000 121 700 or visit https://t.co/4fzoPvdYxq https://t.co/gy5BCcjHO1,,2,0,3,0,West Yorkshire Police,tweet,If you think anyone in your workplace is possibly a victim of modern slavery then contact the Modern Slavery Helpline on 08000 121 700 or visit  ,"['think', 'anyone', 'workplace', 'possibly', 'victim', 'modern', 'slavery', 'contact', 'modern', 'slavery', 'helpline', '08000', '121', '700', 'visit']"
5990,1383096248899624967,23418457,2021-04-16T16:33:37.000Z,"A man from Highbridge has received an indefinite hospital order after pleading guilty to manslaughter by diminished responsibility.

Richard Matthews, 45, was mentally unwell when he killed his 39-year-old neighbour Paul Wells in June last year.

More: https://t.co/rWFK6LouvD https://t.co/kTwPxAKMYA",,2,1,2,0,Avon and Somerset Police,tweet,"A man from Highbridge has received an indefinite hospital order after pleading guilty to manslaughter by diminished responsibility.

Richard Matthews, 45, was mentally unwell when he killed his 39-year-old neighbour Paul Wells in June last year.

More:  ","['man', 'highbridge', 'received', 'indefinite', 'hospital', 'order', 'pleading', 'guilty', 'manslaughter', 'diminished', 'responsibility', 'richard', 'matthews', '45', 'mentally', 'unwell', 'killed', '39', 'year-old', 'neighbour', 'paul', 'wells', 'june', 'last', 'year']"
38607,1101533554616532994,66967746,2019-03-01T17:23:59.000Z,"Officers used a specialist pursuit tactic, making contact with the BMW, causing damage to both vehicles. The BMW failed to stop and continued at high speed along Odessa Road. During this part of the pursuit the officers in the ARV believed they saw the gun pointed at them again. https://t.co/LemqAQq6jj",66967746.0,20,3,36,3,MET,tweet,"Officers used a specialist pursuit tactic, making contact with the BMW, causing damage to both vehicles. The BMW failed to stop and continued at high speed along Odessa Road. During this part of the pursuit the officers in the ARV believed they saw the gun pointed at them again. ","['officers', 'used', 'specialist', 'pursuit', 'tactic', 'making', 'contact', 'bmw', 'causing', 'damage', 'vehicles', 'bmw', 'failed', 'stop', 'continued', 'high', 'speed', 'along', 'odessa', 'road', 'part', 'pursuit', 'officers', 'arv', 'believed', 'saw', 'gun', 'pointed']"
22066,1248290793288282113,18134929,2020-04-09T16:44:51.000Z,"üó£Ô∏è We're getting a lot of tweets about people not following the social distancing measures.

üì≤ You can now report all breaches online: 
https://t.co/n6QXFA9Ayo

As you can appreciate it's an extremely busy time for us. We may not be able to respond individually. Thank you.",,270,58,400,43,West Midlands Police,tweet," We're getting a lot of tweets about people not following the social distancing measures.

 You can now report all breaches online: 


As you can appreciate it's an extremely busy time for us. We may not be able to respond individually. Thank you.","[""we're"", 'getting', 'lot', 'tweets', 'people', 'following', 'social', 'distancing', 'measures', 'report', 'breaches', 'online', 'appreciate', 'extremely', 'busy', 'time', 'us', 'may', 'able', 'respond', 'individually', 'thank']"
16507,1286595008787816448,66967746,2020-07-24T09:32:08.000Z,"Insight üîç | Follow @MPSTowerHam - a day in the life of our policing teams dedicated to keeping London safe.  

@MPSTowerHam and @MPSHackney are combined in what we call the ""Central East Basic Command Unit"" (BCU)

#MPSTowerHamLive #MPSHackneyLive https://t.co/Jde9xTlJJ3",,5,0,18,0,MET,tweet,"Insight  | Follow @MPSTowerHam - a day in the life of our policing teams dedicated to keeping London safe.  

@MPSTowerHam and @MPSHackney are combined in what we call the ""Central East Basic Command Unit"" (BCU)

#MPSTowerHamLive #MPSHackneyLive ","['insight', 'follow', '@mpstowerham', 'day', 'life', 'policing', 'teams', 'dedicated', 'keeping', 'london', 'safe', '@mpstowerham', '@mpshackney', 'combined', 'call', 'central', 'east', 'basic', 'command', 'unit', 'bcu', '#mpstowerhamlive', '#mpshackneylive']"
